guids,valid_till,OBJECTTYPE_1
{5F2B475A-BC64-4025-84F2-5BABFCFCE7C9},2025-08-15,Groenobject
{3272A912-0B6E-42FA-AF95-3C6772702791},2025-08-15,Groenobject
{C9DC9D74-1782-4B70-96A1-751E8CD0EF10},2025-08-15,Groenobject
{38FCAEC9-B708-4927-8A70-4BCA0D46DECB},2025-08-15,Groenobject
{0D08934E-A55E-45D8-9880-13749B046BA2},2025-08-15,Groenobject
{41043CDC-BC21-46D5-B7BC-4AE2B90730F2},2025-08-15,Groenobject
{4AC3146D-D7AD-4938-8784-4D18347454DB},2025-08-15,Groenobject
{471425CA-49E7-4CBE-97A1-8B1E58EC0971},2025-08-15,Groenobject
{A7A7AC57-E7E5-4F1F-A752-BEF74049275E},2025-08-15,Groenobject
{81BCB414-52A8-402B-9A5A-B95835C0D22B},2025-08-15,Groenobject
{66F8CD6E-0C82-43E0-AF7A-DD2656459CEB},2025-08-15,Groenobject
{94FE7922-2721-462F-BAAD-D605355FEFF9},2025-08-15,Groenobject
{94FE7922-2721-462F-BAAD-D605355FEFF9},2025-08-15,Groenobject
{36FC9580-C7D4-4424-B1E6-1B39C178ECAE},2025-08-15,Groenobject
{6F7A384B-DCA0-410F-9538-D4C1AD31C6D0},2025-08-15,Groenobject
{97CC70F4-3754-4BAA-9692-AB038C7B4D6A},2025-08-15,Groenobject
{0046208B-8143-4F4F-805E-6130CA18CF34},2025-08-15,Groenobject
{0046208B-8143-4F4F-805E-6130CA18CF34},2025-08-15,Groenobject
{5A70A371-894D-43A0-AFF3-6E38398254FD},2025-08-15,Groenobject
{3560C6A0-6B7A-4D33-8B10-1A2F6980C6DE},2025-08-15,Groenobject
{22547F96-57BB-47FC-B00F-42C994468B01},2025-08-15,Groenobject
{4B3A88F4-F342-4DAC-8C45-B81B4F76BF3F},2025-08-15,Groenobject
{0955F2F7-43D4-4E9E-8EDB-0AB06E0C2B36},2025-08-15,Groenobject
{5B11BAE8-1C9A-4914-ABF4-1958C484D9CF},2025-08-15,Groenobject
{AD84CE79-9366-4017-8DA3-6D45F43C76B8},2025-08-15,Groenobject
{62D6CD6A-91F1-4E3A-A2F3-FB2C1547F8E8},2025-08-15,Groenobject
{9C3A1ACA-9864-4BD4-A85F-7D7318C603B1},2025-08-15,Groenobject
{9C3A1ACA-9864-4BD4-A85F-7D7318C603B1},2025-08-15,Groenobject
{CBB7BCDB-5E20-4B05-8CDE-DFB4798592DE},2025-08-15,Groenobject
